prompt,ground_truth,predicted,correct,votes,pseudo_label,pseudo_correct,vote_counts
2163 / 721 = ,3,30,False,30; 3; 30; 30; 3; 3; 3; 30; 30; 30; 3; 3; 30; 3; 3; 3; 3; 30; 30; 3,3,True,"{'30': 9, '3': 11}"
2285 / 457 = ,5,49,False,49; 5; 5; 5; 49; 5; 5; 5; 5; 5; 49; 5; 5; 5; 49; 5; 49; 5; 5; 49,5,True,"{'49': 6, '5': 14}"
2518 / 1259 = ,2,20,False,2; 2; 2; 20; 20; 20; 20; 2; 20; 2; 2; 2; 20; 20; 2; 20; 2; 2; 2; 2,2,True,"{'2': 12, '20': 8}"
3424 / 856 = ,4,40,False,4; 40; 40; 40; 40; 40; 4; 4; 40; 4; 40; 40; 40; 4; 40; 4; 4; 4; 4; 4,4,True,"{'4': 10, '40': 10}"
3737 / 3737 = ,1,10,False,10; 10; 1; 1; 10; 1; 10; 10; 1; 1; 1; 1; 1; 1; 1; 1; 10; 1; 10; 10,1,True,"{'10': 8, '1': 12}"
4206 - 4200 = ,6,10,False,10; 6; 6; 10; 10; 6; 10; 6; 6; 10; 6; 6; 6; 6; 10; 6; 10; 6; 10; 6,6,True,"{'10': 8, '6': 12}"
4624 / 2312 = ,2,20,False,20; 2; 2; 20; 20; 20; 2; 20; 20; 2; 2; 20; 2; 2; 20; 2; 2; 20; 2; 2,2,True,"{'20': 9, '2': 11}"
4664 / 2332 = ,2,20,False,20; 2; 20; 2; 20; 2; 20; 2; 2; 2; 2; 20; 2; 2; 2; 20; 20; 20; 2; 20,2,True,"{'20': 9, '2': 11}"
4746 / 2373 = ,2,20,False,2; 20; 2; 2; 20; 2; 2; 2; 2; 20; 2; 20; 20; 20; 20; 2; 20; 2; 2; 2,2,True,"{'2': 12, '20': 8}"
4810 / 2405 = ,2,20,False,2; 2; 20; 20; 2; 2; 2; 20; 20; 20; 2; 20; 2; 20; 20; 20; 2; 2; 2; 2,2,True,"{'2': 11, '20': 9}"
4824 / 2412 = ,2,20,False,20; 20; 2; 2; 20; 20; 2; 2; 20; 2; 2; 2; 2; 2; 2; 20; 20; 2; 2; 20,2,True,"{'20': 8, '2': 12}"
5014 / 2507 = ,2,20,False,20; 20; 2; 2; 2; 2; 20; 2; 2; 20; 20; 20; 2; 20; 2; 2; 2; 20; 20; 2,2,True,"{'20': 9, '2': 11}"
5152 - 5145 = ,7,10,False,10; 7; 10; 10; 7; 10; 10; 7; 10; 7; 10; 7; 7; 7; 10; 7; 7; 10; 7; 7,7,True,"{'10': 9, '7': 11}"
6421 - 6412 = ,9,10,False,9; 9; 10; 9; 9; 9; 10; 10; 10; 9; 9; 9; 9; 9; 9; 9; 10; 10; 10; 10,9,True,"{'9': 12, '10': 8}"
7177 / 7177 = ,1,10,False,1; 10; 1; 1; 10; 10; 10; 1; 1; 10; 1; 1; 10; 10; 10; 10; 1; 1; 10; 1,1,True,"{'1': 10, '10': 10}"
7344 / 3672 = ,2,20,False,20; 2; 2; 20; 2; 2; 20; 20; 2; 20; 20; 2; 20; 20; 20; 2; 2; 2; 2; 2,2,True,"{'20': 9, '2': 11}"
7446 / 3723 = ,2,20,False,2; 20; 20; 2; 20; 20; 2; 2; 2; 20; 2; 20; 20; 20; 2; 2; 2; 20; 2; 2,2,True,"{'2': 11, '20': 9}"
7576 / 3788 = ,2,20,False,20; 20; 2; 2; 20; 2; 2; 2; 2; 2; 20; 20; 2; 2; 20; 2; 2; 20; 20; 20,2,True,"{'20': 9, '2': 11}"
7742 / 3871 = ,2,20,False,2; 20; 20; 2; 20; 2; 20; 2; 20; 2; 2; 20; 2; 2; 20; 2; 2; 20; 20; 20,2,True,"{'2': 10, '20': 10}"
7746 / 3873 = ,2,20,False,2; 20; 2; 20; 2; 2; 2; 2; 20; 2; 20; 20; 2; 2; 2; 20; 20; 2; 2; 20,2,True,"{'2': 12, '20': 8}"
9080 / 9080 = ,1,10,False,1; 1; 10; 1; 1; 10; 10; 10; 1; 1; 1; 1; 1; 1; 1; 1; 10; 10; 10; 10,1,True,"{'1': 12, '10': 8}"
9136 / 4568 = ,2,20,False,2; 2; 2; 2; 2; 20; 2; 2; 2; 2; 2; 20; 2; 2; 2; 20; 20; 20; 2; 20,2,True,"{'2': 14, '20': 6}"
9159 / 9159 = ,1,10,False,10; 1; 1; 10; 1; 1; 1; 1; 10; 10; 1; 1; 10; 1; 10; 1; 10; 10; 1; 10,1,True,"{'10': 9, '1': 11}"
9321 / 9321 = ,1,10000,False,10000; 1; 1; 1; 1; 1; 10000; 1; 1; 1; 10000; 1; 1; 1; 1; 10000; 1; 1; 10000; 10000,1,True,"{'10000': 6, '1': 14}"
9377 / 9377 = ,1,10,False,1; 10; 10; 10; 1; 1; 1; 10; 1; 1; 1; 10; 10; 10; 1; 10; 1; 10; 10; 1,1,True,"{'1': 10, '10': 10}"
9485 / 9485 = ,1,10,False,1; 10; 1; 1; 1; 10; 10; 10; 1; 10; 1; 10; 1; 10; 10; 1; 10; 1; 10; 1,1,True,"{'1': 10, '10': 10}"
9642 / 4821 = ,2,20,False,2; 2; 2; 20; 20; 20; 2; 2; 20; 2; 2; 2; 20; 20; 20; 20; 2; 20; 2; 20,2,True,"{'2': 10, '20': 10}"
9686 / 4843 = ,2,20,False,20; 20; 2; 20; 2; 20; 2; 2; 2; 20; 2; 20; 20; 2; 20; 2; 20; 2; 2; 2,2,True,"{'20': 9, '2': 11}"
9880 / 9880 = ,1,10,False,1; 10; 1; 1; 1; 10; 10; 1; 10; 1; 10; 10; 1; 10; 1; 1; 10; 10; 10; 1,1,True,"{'1': 10, '10': 10}"
