prompt,ground_truth,predicted,correct
212 / 212 = ,1,100,False
406 / 203 = ,2,1.98,False
410 / 410 = ,1,10,False
411 / 411 = ,1,1023,False
412 / 412 = ,1,103,False
413 - 404 = ,9,19,False
413 - 405 = ,8,18,False
413 - 408 = ,5,15,False
414 / 414 = ,1,10389,False
479 / 479 = ,1,10,False
495 / 495 = ,1,10,False
498 / 498 = ,1,1001,False
504 / 72 = ,7,1.5,False
595 / 595 = ,1,10,False
616 - 607 = ,9,18,False
617 - 608 = ,9,19,False
617 - 609 = ,8,18,False
650 / 325 = ,2,1.98,False
652 / 326 = ,2,1.98,False
661 - 652 = ,9,10,False
661 - 653 = ,8,18,False
661 - 657 = ,4,14,False
661 - 658 = ,3,13,False
670 / 335 = ,2,19,False
676 / 338 = ,2,19,False
686 - 677 = ,9,10,False
686 - 678 = ,8,10,False
690 / 345 = ,2,"1. **Division**: First, we",False
692 / 346 = ,2,"1. **Division**: First, we",False
696 / 348 = ,2,"1. **Division**: First, we",False
698 / 349 = ,2,1.75,False
698 - 689 = ,9,10,False
720 - 718 = ,2,10,False
728 - 719 = ,9,11,False
754 / 377 = ,2,19,False
758 / 379 = ,2,19,False
838 - 829 = ,9,11,False
842 - 834 = ,8,10,False
843 - 834 = ,9,10,False
847 - 838 = ,9,19,False
858 - 849 = ,9,10,False
867 - 858 = ,9,10,False
867 - 859 = ,8,18,False
887 - 878 = ,9,19,False
918 - 911 = ,7,10,False
928 - 919 = ,9,10,False
932 - 923 = ,9,10,False
942 - 934 = ,8,10,False
943 - 934 = ,9,10,False
952 - 943 = ,9,10,False
952 - 944 = ,8,10,False
953 - 944 = ,9,10,False
953 - 945 = ,8,10,False
954 - 945 = ,9,10,False
965 - 956 = ,9,10,False
968 / 484 = ,2,20,False
973 - 966 = ,7,10,False
976 - 967 = ,9,10,False
978 / 326 = ,3,2.99,False
978 / 489 = ,2,1. **Division Setup**: Begin by,False
987 - 978 = ,9,10,False
989 / 989 = ,1,10,False
990 / 990 = ,1,10,False
991 / 991 = ,1,1000,False
993 / 993 = ,1,1002,False
995 / 995 = ,1,10,False
996 / 996 = ,1,1005,False
998 - 989 = ,9,10,False
1035 / 345 = ,3,29,False
1041 / 347 = ,3,29,False
1058 - 1049 = ,9,10,False
1059 / 353 = ,3,29,False
1073 - 1066 = ,7,11,False
1083 / 361 = ,3,29,False
1101 / 1101 = ,1,10,False
1112 / 1112 = ,1,10,False
1121 - 1112 = ,9,-11,False
1121 - 1114 = ,7,-3,False
1122 - 1113 = ,9,-11,False
1122 - 1115 = ,7,-3,False
1122 - 1116 = ,6,-4,False
1131 - 1122 = ,9,10,False
1161 / 387 = ,3,29,False
1216 - 1211 = ,5,10,False
1221 - 1212 = ,9,10,False
1231 - 1222 = ,9,10,False
1232 - 1223 = ,9,10,False
1242 / 414 = ,3,30,False
1242 - 1234 = ,8,10,False
1251 / 417 = ,3,30,False
1262 / 631 = ,2,20,False
1281 / 427 = ,3,29,False
1282 / 641 = ,2,20,False
1298 - 1289 = ,9,10,False
1319 - 1311 = ,8,10,False
1321 - 1312 = ,9,10,False
1326 - 1322 = ,4,10,False
1342 - 1334 = ,8,10,False
1343 - 1334 = ,9,10,False
1354 - 1345 = ,9,10,False
1371 / 457 = ,3,29,False
1383 / 461 = ,3,29,False
1396 - 1389 = ,7,10,False
1398 - 1389 = ,9,10,False
1415 - 1406 = ,9,10,False
1415 - 1407 = ,8,18,False
1415 - 1411 = ,4,10,False
1421 - 1412 = ,9,10,False
1422 - 1413 = ,9,19,False
1428 - 1422 = ,6,10,False
1434 - 1428 = ,6,15,False
1447 - 1438 = ,9,10,False
1447 - 1439 = ,8,18,False
1452 - 1445 = ,7,10,False
1453 - 1445 = ,8,10,False
1454 / 727 = ,2,19,False
1454 - 1445 = ,9,10,False
1458 - 1449 = ,9,10,False
1486 - 1478 = ,8,10,False
1492 - 1487 = ,5,13,False
1492 - 1489 = ,3,10,False
1565 - 1556 = ,9,10,False
1618 - 1609 = ,9,11,False
1618 - 1611 = ,7,10,False
1638 - 1629 = ,9,10,False
1652 / 826 = ,2,1.94,False
1714 - 1711 = ,3,10,False
1718 - 1711 = ,7,10,False
1726 - 1717 = ,9,10,False
1768 / 442 = ,4,40,False
1772 / 886 = ,2,19,False
1786 - 1778 = ,8,10,False
1816 / 454 = ,4,40,False
1828 / 457 = ,4,40,False
1832 / 458 = ,4,40,False
1844 / 461 = ,4,40,False
1844 / 922 = ,2,20,False
1847 - 1838 = ,9,11,False
1852 / 463 = ,4,40,False
1853 - 1845 = ,8,10,False
1856 / 464 = ,4,40,False
1863 - 1854 = ,9,11,False
1864 / 466 = ,4,40,False
1865 - 1856 = ,9,10,False
1867 - 1858 = ,9,11,False
1868 / 467 = ,4,40,False
1883 - 1879 = ,4,10,False
1885 - 1876 = ,9,11,False
1886 - 1877 = ,9,11,False
1886 - 1878 = ,8,10,False
1897 - 1888 = ,9,10,False
1900 - 1899 = ,1,10,False
1914 - 1905 = ,9,11,False
1914 - 1906 = ,8,10,False
1914 - 1907 = ,7,13,False
1914 - 1908 = ,6,12,False
1914 - 1909 = ,5,11,False
1915 - 1906 = ,9,11,False
1915 - 1907 = ,8,13,False
1915 - 1908 = ,7,13,False
1915 - 1909 = ,6,11,False
1916 - 1907 = ,9,11,False
1917 - 1908 = ,9,11,False
1917 - 1909 = ,8,11,False
1918 - 1909 = ,9,11,False
1918 - 1911 = ,7,10,False
1921 - 1912 = ,9,10,False
1921 - 1913 = ,8,10,False
1921 - 1917 = ,4,10,False
1921 - 1918 = ,3,10,False
1922 - 1913 = ,9,10,False
1922 - 1914 = ,8,10,False
1922 - 1916 = ,6,10,False
1922 - 1918 = ,4,10,False
1923 - 1914 = ,9,11,False
1924 - 1918 = ,6,15,False
1926 - 1917 = ,9,10,False
1928 / 482 = ,4,40,False
1928 - 1919 = ,9,10,False
1936 / 484 = ,4,40,False
1940 - 1931 = ,9,29,False
1941 - 1932 = ,9,11,False
1941 - 1933 = ,8,12,False
1942 - 1933 = ,9,11,False
1942 - 1939 = ,3,10,False
1943 - 1934 = ,9,10,False
1943 - 1939 = ,4,10,False
1944 - 1935 = ,9,10,False
1945 - 1937 = ,8,10,False
1945 - 1939 = ,6,10,False
1946 - 1937 = ,9,10,False
1946 - 1939 = ,7,10,False
1947 - 1938 = ,9,11,False
1947 - 1939 = ,8,10,False
1948 - 1939 = ,9,10,False
1952 - 1943 = ,9,19,False
1953 - 1944 = ,9,11,False
1953 - 1945 = ,8,10,False
1955 - 1946 = ,9,10,False
1956 - 1947 = ,9,10,False
1958 - 1949 = ,9,10,False
1960 - 1953 = ,7,28,False
1962 - 1953 = ,9,11,False
1962 - 1954 = ,8,11,False
1962 - 1955 = ,7,10,False
1962 - 1956 = ,6,10,False
1963 - 1954 = ,9,11,False
1963 - 1955 = ,8,10,False
1963 - 1956 = ,7,10,False
1963 - 1958 = ,5,10,False
1963 - 1959 = ,4,10,False
1964 - 1955 = ,9,10,False
1964 - 1956 = ,8,10,False
1964 - 1958 = ,6,10,False
1964 - 1959 = ,5,10,False
1965 - 1956 = ,9,10,False
1966 - 1957 = ,9,10,False
1967 - 1958 = ,9,10,False
1967 - 1959 = ,8,12,False
1968 - 1959 = ,9,11,False
1973 - 1964 = ,9,11,False
1973 - 1965 = ,8,14,False
1973 - 1966 = ,7,10,False
1974 - 1965 = ,9,10,False
1974 - 1966 = ,8,10,False
1975 - 1966 = ,9,10,False
1976 - 1967 = ,9,10,False
1986 - 1977 = ,9,10,False
1988 - 1979 = ,9,10,False
1991 - 1983 = ,8,14,False
1991 - 1986 = ,5,15,False
1992 - 1983 = ,9,11,False
1992 - 1985 = ,7,13,False
1992 - 1986 = ,6,14,False
1992 - 1987 = ,5,13,False
1992 - 1988 = ,4,10,False
1992 - 1989 = ,3,10,False
1993 - 1984 = ,9,10,False
1993 - 1985 = ,8,10,False
1993 - 1986 = ,7,10,False
1993 - 1987 = ,6,14,False
1993 - 1988 = ,5,10,False
1993 - 1989 = ,4,10,False
1994 - 1985 = ,9,10,False
1994 - 1986 = ,8,10,False
1994 - 1987 = ,7,13,False
1994 - 1988 = ,6,10,False
1994 - 1989 = ,5,10,False
1995 - 1986 = ,9,10,False
1995 - 1987 = ,8,10,False
1995 - 1988 = ,7,10,False
1995 - 1989 = ,6,10,False
1996 - 1987 = ,9,13,False
1996 - 1988 = ,8,10,False
1996 - 1989 = ,7,10,False
1997 - 1988 = ,9,10,False
1997 - 1989 = ,8,10,False
1998 - 1989 = ,9,10,False
2007 - 1998 = ,9,11,False
2007 - 1999 = ,8,10,False
2030 / 406 = ,5,49,False
2035 / 407 = ,5,49,False
2060 / 412 = ,5,49,False
2062 - 2056 = ,6,10,False
2065 / 413 = ,5,49,False
2075 / 415 = ,5,49,False
2085 / 417 = ,5,49,False
2097 - 2088 = ,9,11,False
2097 - 2089 = ,8,10,False
2121 / 2121 = ,1,100,False
2155 / 431 = ,5,49,False
2163 / 721 = ,3,30,False
2165 / 433 = ,5,49,False
2167 - 2162 = ,5,54,False
2168 - 2162 = ,6,64,False
2185 / 437 = ,5,49,False
2198 - 2189 = ,9,10,False
2210 / 2210 = ,1,1005,False
2221 - 2212 = ,9,-91,False
2221 - 2213 = ,8,-12,False
2224 / 1112 = ,2,20,False
2242 - 2234 = ,8,10,False
2253 - 2245 = ,8,10,False
2265 / 453 = ,5,50,False
2280 / 456 = ,5,49,False
2285 / 457 = ,5,49,False
2298 - 2289 = ,9,10,False
2318 - 2311 = ,7,10,False
2321 / 2321 = ,1,1000,False
2323 / 2323 = ,1,100,False
2327 - 2322 = ,5,10,False
2331 / 777 = ,3,29,False
2353 - 2345 = ,8,10,False
2364 - 2356 = ,8,10,False
2365 - 2356 = ,9,10,False
2376 - 2367 = ,9,10,False
2386 - 2378 = ,8,10,False
2394 - 2389 = ,5,10,False
2395 - 2389 = ,6,10,False
2396 - 2389 = ,7,10,False
2397 - 2389 = ,8,10,False
2398 - 2389 = ,9,10,False
2418 - 2411 = ,7,10,False
2421 - 2412 = ,9,10,False
2453 - 2445 = ,8,10,False
2454 - 2445 = ,9,10,False
2462 / 1231 = ,2,20,False
2476 - 2467 = ,9,10,False
2482 / 1241 = ,2,20,False
2486 - 2478 = ,8,10,False
2487 - 2478 = ,9,10,False
2494 / 1247 = ,2,20,False
2498 - 2489 = ,9,10,False
2516 / 1258 = ,2,20,False
2518 / 1259 = ,2,20,False
2518 - 2511 = ,7,10,False
2526 / 842 = ,3,30,False
2534 / 1267 = ,2,20,False
2544 / 424 = ,6,10,False
2558 / 1279 = ,2,20,False
2578 / 1289 = ,2,20,False
2585 - 2576 = ,9,10,False
2586 / 862 = ,3,30,False
2586 - 2578 = ,8,10,False
2592 - 2589 = ,3,10,False
2598 - 2589 = ,9,10,False
2618 - 2611 = ,7,10,False
2621 - 2612 = ,9,10,False
2625 - 2622 = ,3,10,False
2629 - 2622 = ,7,10,False
2653 - 2645 = ,8,10,False
2654 - 2645 = ,9,10,False
2684 - 2678 = ,6,10,False
2686 - 2678 = ,8,10,False
2698 - 2689 = ,9,10,False
2714 - 2711 = ,3,10,False
2718 - 2711 = ,7,10,False
2721 - 2712 = ,9,10,False
2732 / 1366 = ,2,20,False
2742 - 2734 = ,8,10,False
2754 - 2745 = ,9,10,False
2764 - 2756 = ,8,10,False
2765 - 2756 = ,9,10,False
2772 / 2772 = ,1,10000,False
2782 / 1391 = ,2,20,False
2798 - 2789 = ,9,10,False
2812 - 2811 = ,1,10,False
2814 - 2811 = ,3,10,False
2816 - 2811 = ,5,10,False
2817 - 2811 = ,6,10,False
2818 - 2811 = ,7,10,False
2827 - 2822 = ,5,10,False
2828 - 2822 = ,6,10,False
2842 - 2834 = ,8,10,False
2843 - 2834 = ,9,10,False
2847 - 2838 = ,9,19,False
2853 - 2845 = ,8,10,False
2854 - 2845 = ,9,10,False
2858 - 2849 = ,9,10,False
2865 - 2856 = ,9,10,False
2874 - 2867 = ,7,10,False
2876 - 2867 = ,9,10,False
2886 - 2878 = ,8,10,False
2914 - 2911 = ,3,10,False
2985 - 2978 = ,7,10,False
2995 / 599 = ,5,49,False
2997 / 333 = ,9,89,False
2997 / 999 = ,3,30,False
2997 - 2989 = ,8,10,False
2998 - 2989 = ,9,10,False
3014 - 3011 = ,3,10,False
3018 / 1006 = ,3,29,False
3018 - 3011 = ,7,10,False
3033 / 1011 = ,3,29,False
3042 - 3034 = ,8,10,False
3052 - 3045 = ,7,10,False
3054 - 3045 = ,9,10,False
3066 / 1022 = ,3,15,False
3072 - 3065 = ,7,12,False
3072 - 3067 = ,5,10,False
3085 - 3076 = ,9,12,False
3093 / 1031 = ,3,29,False
3098 - 3089 = ,9,10,False
3131 / 3131 = ,1,100,False
3132 / 3132 = ,1,104.9999,False
3155 / 3155 = ,1,10,False
3195 / 3195 = ,1,1000,False
3198 - 3189 = ,9,10,False
3212 / 803 = ,4,39,False
3214 - 3211 = ,3,10,False
3216 - 3211 = ,5,10,False
3218 - 3211 = ,7,10,False
3221 - 3212 = ,9,-91,False
3232 / 808 = ,4,40,False
3242 - 3234 = ,8,10,False
3252 - 3245 = ,7,10,False
3254 - 3245 = ,9,10,False
3276 - 3267 = ,9,10,False
3286 - 3278 = ,8,10,False
3298 - 3289 = ,9,10,False
3316 - 3311 = ,5,10,False
3318 - 3311 = ,7,10,False
3328 / 832 = ,4,40,False
3330 / 3330 = ,1,100,False
3332 / 833 = ,4,40,False
3332 - 3323 = ,9,10,False
3332 - 3324 = ,8,-12,False
3336 / 834 = ,4,40,False
3340 / 835 = ,4,40,False
3352 / 838 = ,4,40,False
3354 - 3345 = ,9,10,False
3364 / 841 = ,4,40,False
3376 / 844 = ,4,40,False
3384 / 846 = ,4,40,False
3386 - 3378 = ,8,10,False
3407 - 3400 = ,7,10,False
3408 - 3400 = ,8,10,False
3416 - 3411 = ,5,10,False
3417 - 3411 = ,6,10,False
3418 - 3411 = ,7,10,False
3424 / 856 = ,4,40,False
3432 - 3423 = ,9,10,False
3454 - 3445 = ,9,10,False
3486 - 3478 = ,8,10,False
3498 - 3489 = ,9,10,False
3516 - 3511 = ,5,10,False
3518 - 3511 = ,7,10,False
3519 - 3511 = ,8,10,False
3532 - 3523 = ,9,10,False
3552 / 888 = ,4,40,False
3554 - 3545 = ,9,10,False
3565 / 713 = ,5,49,False
3616 - 3611 = ,5,10,False
3618 - 3611 = ,7,10,False
3621 - 3612 = ,9,10,False
3625 - 3622 = ,3,10,False
3627 - 3622 = ,5,10,False
3629 - 3622 = ,7,10,False
3652 - 3645 = ,7,10,False
3654 - 3645 = ,9,10,False
3686 - 3678 = ,8,10,False
3698 - 3689 = ,9,10,False
3706 - 3700 = ,6,10,False
3708 - 3700 = ,8,10,False
3710 - 3701 = ,9,10,False
3716 - 3711 = ,5,10,False
3718 - 3711 = ,7,10,False
3732 - 3723 = ,9,10,False
3737 / 3737 = ,1,10,False
3742 - 3734 = ,8,10,False
3743 - 3734 = ,9,10,False
3770 - 3767 = ,3,10,False
3786 - 3778 = ,8,10,False
3798 - 3789 = ,9,10,False
3806 - 3800 = ,6,10,False
3816 - 3811 = ,5,10,False
3818 - 3811 = ,7,10,False
3847 - 3838 = ,9,10,False
3852 - 3845 = ,7,10,False
3854 - 3845 = ,9,10,False
3874 - 3865 = ,9,29,False
3885 / 777 = ,5,50,False
3910 - 3901 = ,9,10,False
3916 - 3911 = ,5,10,False
3918 - 3911 = ,7,10,False
3932 - 3923 = ,9,10,False
3936 - 3933 = ,3,10,False
3954 - 3945 = ,9,10,False
3976 - 3967 = ,9,10,False
3988 / 997 = ,4,40,False
3991 - 3989 = ,2,10,False
3995 / 799 = ,5,50,False
3998 - 3989 = ,9,10,False
4010 - 4001 = ,9,10,False
4025 - 4022 = ,3,10,False
4026 - 4022 = ,4,10,False
4028 - 4022 = ,6,10,False
4036 - 4033 = ,3,10,False
4038 - 4033 = ,5,10,False
4053 - 4045 = ,8,10,False
4065 - 4056 = ,9,10,False
4066 / 2033 = ,2,1.98,False
4074 - 4065 = ,9,29,False
4096 - 4087 = ,9,13,False
4104 / 4104 = ,1,1023,False
4114 / 4114 = ,1,1023,False
4115 / 4115 = ,1,102.96,False
4116 - 4111 = ,5,10,False
4117 / 4117 = ,1,1025,False
4118 - 4111 = ,7,10,False
4118 / 4118 = ,1,1029,False
4121 / 4121 = ,1,1003,False
4122 / 4122 = ,1,10051,False
4124 / 4124 = ,1,10321,False
4128 / 4128 = ,1,10,False
4140 / 4140 = ,1,100,False
4141 / 4141 = ,1,10000,False
4144 / 4144 = ,1,10321,False
4145 / 4145 = ,1,10321,False
4147 / 4147 = ,1,10329,False
4148 / 4148 = ,1,10321,False
4153 - 4145 = ,8,10,False
4159 / 4159 = ,1,10328,False
4186 - 4178 = ,8,10,False
4188 / 4188 = ,1,10361,False
4189 / 4189 = ,1,10378,False
4194 - 4189 = ,5,10,False
4195 / 4195 = ,1,1038.76,False
4197 / 4197 = ,1,10386,False
4206 - 4200 = ,6,10,False
4210 - 4201 = ,9,10,False
4212 - 4211 = ,1,10,False
4214 - 4211 = ,3,10,False
4215 - 4211 = ,4,10,False
4216 - 4211 = ,5,10,False
4216 - 4212 = ,4,10,False
4217 - 4211 = ,6,10,False
4218 - 4211 = ,7,10,False
4219 - 4211 = ,8,10,False
4221 - 4212 = ,9,10,False
4225 - 4222 = ,3,10,False
4226 - 4222 = ,4,10,False
4227 - 4222 = ,5,10,False
4228 - 4222 = ,6,10,False
4229 - 4222 = ,7,10,False
4232 - 4223 = ,9,10,False
4242 - 4234 = ,8,10,False
4243 - 4234 = ,9,10,False
4244 / 2122 = ,2,20,False
4248 - 4244 = ,4,10,False
4253 - 4245 = ,8,10,False
4254 - 4245 = ,9,10,False
4265 - 4256 = ,9,10,False
4275 - 4267 = ,8,10,False
4276 - 4267 = ,9,10,False
4285 - 4278 = ,7,10,False
4286 - 4278 = ,8,10,False
4287 - 4278 = ,9,10,False
4294 - 4287 = ,7,12,False
4294 - 4289 = ,5,10,False
4296 - 4289 = ,7,10,False
4298 - 4289 = ,9,10,False
4316 - 4311 = ,5,10,False
4318 - 4311 = ,7,10,False
4326 - 4322 = ,4,10,False
4332 - 4323 = ,9,10,False
4333 - 4324 = ,9,10,False
4343 - 4334 = ,9,10,False
4353 - 4345 = ,8,10,False
4397 - 4389 = ,8,10,False
4398 - 4389 = ,9,10,False
4410 - 4401 = ,9,10,False
4414 / 2207 = ,2,20,False
4416 - 4411 = ,5,10,False
4440 / 4440 = ,1,10,False
4443 - 4435 = ,8,-12,False
4453 - 4445 = ,8,10,False
4454 / 2227 = ,2,20,False
4474 / 2237 = ,2,20,False
4486 - 4478 = ,8,10,False
4514 / 2257 = ,2,19,False
4518 - 4511 = ,7,10,False
4554 - 4545 = ,9,10,False
4565 - 4556 = ,9,10,False
4574 / 2287 = ,2,19,False
4576 / 2288 = ,2,19,False
4598 - 4589 = ,9,10,False
4614 - 4611 = ,3,10,False
4618 - 4611 = ,7,10,False
4624 / 2312 = ,2,20,False
4644 / 2322 = ,2,20,False
4646 / 2323 = ,2,20,False
4654 / 2327 = ,2,20,False
4662 / 777 = ,6,58,False
4664 / 2332 = ,2,20,False
4665 - 4656 = ,9,10,False
4684 / 2342 = ,2,20,False
4694 / 2347 = ,2,20,False
4710 - 4701 = ,9,10,False
4714 - 4711 = ,3,10,False
4714 / 4714 = ,1,10023,False
4716 - 4711 = ,5,10,False
4718 - 4711 = ,7,10,False
4724 / 2362 = ,2,20,False
4728 - 4722 = ,6,10,False
4744 / 2372 = ,2,20,False
4746 / 2373 = ,2,20,False
4747 - 4738 = ,9,12,False
4747 - 4739 = ,8,10,False
4747 / 4747 = ,1,10,False
4748 / 2374 = ,2,20,False
4748 - 4739 = ,9,10,False
4754 / 2377 = ,2,20,False
4774 / 2387 = ,2,20,False
4786 - 4778 = ,8,10,False
4810 / 2405 = ,2,20,False
4814 / 2407 = ,2,20,False
4818 - 4811 = ,7,10,False
4819 - 4811 = ,8,10,False
4824 / 2412 = ,2,20,False
4826 - 4822 = ,4,10,False
4827 - 4822 = ,5,10,False
4828 - 4822 = ,6,10,False
4834 / 2417 = ,2,20,False
4840 / 4840 = ,1,10,False
4853 - 4845 = ,8,10,False
4874 / 2437 = ,2,20,False
4875 - 4867 = ,8,10,False
4876 - 4867 = ,9,10,False
4884 / 2442 = ,2,20,False
4886 - 4878 = ,8,10,False
4887 - 4878 = ,9,10,False
4914 / 2457 = ,2,20,False
4914 - 4911 = ,3,10,False
4914 / 4914 = ,1,10038,False
4915 - 4911 = ,4,10,False
4918 / 2459 = ,2,20,False
4918 - 4911 = ,7,10,False
4924 / 2462 = ,2,20,False
4926 - 4922 = ,4,10,False
4932 - 4923 = ,9,10,False
4934 / 2467 = ,2,20,False
4936 - 4933 = ,3,10,False
4940 / 4940 = ,1,10,False
4944 / 2472 = ,2,20,False
4944 / 4944 = ,1,10,False
4945 / 4945 = ,1,10,False
4946 / 2473 = ,2,20,False
4947 / 4947 = ,1,10,False
4948 / 2474 = ,2,20,False
4948 / 4948 = ,1,10,False
4949 / 4949 = ,1,10,False
4950 / 4950 = ,1,10,False
4952 / 2476 = ,2,20,False
4953 - 4945 = ,8,10,False
4954 / 2477 = ,2,20,False
4955 / 991 = ,5,50,False
4955 / 4955 = ,1,10,False
4958 / 2479 = ,2,20,False
4959 / 4959 = ,1,10,False
4964 / 2482 = ,2,20,False
4970 / 4970 = ,1,10,False
4974 / 2487 = ,2,20,False
4974 / 4974 = ,1,101.98,False
4975 / 4975 = ,1,10,False
4977 / 4977 = ,1,10,False
4980 / 4980 = ,1,10,False
4984 / 2492 = ,2,20,False
4984 / 4984 = ,1,10,False
4985 / 4985 = ,1,10,False
4986 - 4978 = ,8,10,False
4988 / 4988 = ,1,10,False
4989 / 4989 = ,1,10,False
4990 / 998 = ,5,50,False
4990 / 4990 = ,1,10,False
4992 / 4992 = ,1,10000,False
4993 / 4993 = ,1,10000,False
4994 / 2497 = ,2,20,False
4995 / 999 = ,5,50,False
4995 / 4995 = ,1,10,False
4996 / 2498 = ,2,20,False
4997 / 4997 = ,1,10000,False
4998 / 2499 = ,2,20,False
4998 - 4989 = ,9,10,False
5014 / 2507 = ,2,20,False
5016 - 5011 = ,5,10,False
5050 - 5041 = ,9,49,False
5050 - 5042 = ,8,38,False
5132 - 5123 = ,9,10,False
5142 - 5134 = ,8,10,False
5152 - 5145 = ,7,10,False
5154 - 5145 = ,9,10,False
5176 - 5167 = ,9,10,False
5214 - 5211 = ,3,10,False
5215 / 1043 = ,5,12,False
5216 - 5211 = ,5,10,False
5218 - 5211 = ,7,10,False
5221 - 5212 = ,9,10,False
5225 / 1045 = ,5,10,False
5232 - 5223 = ,9,10,False
5242 - 5234 = ,8,10,False
5253 - 5245 = ,8,10,False
5276 - 5267 = ,9,10,False
5298 - 5289 = ,9,10,False
5314 - 5311 = ,3,10,False
5316 - 5311 = ,5,10,False
5317 - 5311 = ,6,10,False
5318 - 5311 = ,7,10,False
5319 - 5311 = ,8,10,False
5332 - 5323 = ,9,10,False
5352 - 5345 = ,7,10,False
5353 - 5345 = ,8,10,False
5354 - 5345 = ,9,10,False
5376 - 5367 = ,9,10,False
5386 - 5378 = ,8,10,False
5387 - 5378 = ,9,10,False
5394 - 5389 = ,5,10,False
5398 - 5389 = ,9,10,False
5416 - 5411 = ,5,10,False
5418 - 5411 = ,7,10,False
5428 - 5422 = ,6,10,False
5436 - 5427 = ,9,10,False
5453 - 5445 = ,8,10,False
5454 - 5445 = ,9,10,False
5486 - 5478 = ,8,10,False
5487 - 5478 = ,9,10,False
5497 - 5489 = ,8,10,False
5498 - 5489 = ,9,10,False
5554 / 2777 = ,2,20,False
5554 - 5545 = ,9,10,False
5565 - 5556 = ,9,10,False
5586 - 5578 = ,8,10,False
5598 - 5589 = ,9,10,False
5616 - 5611 = ,5,10,False
5618 - 5611 = ,7,10,False
5628 - 5622 = ,6,10,False
5629 - 5622 = ,7,10,False
5652 - 5645 = ,7,10,False
5653 - 5645 = ,8,10,False
5654 - 5645 = ,9,10,False
5665 - 5656 = ,9,10,False
5676 - 5667 = ,9,10,False
5698 - 5689 = ,9,10,False
5708 - 5700 = ,8,10,False
5714 - 5711 = ,3,10,False
5716 - 5711 = ,5,10,False
5718 - 5711 = ,7,10,False
5731 - 5723 = ,8,10,False
5732 - 5723 = ,9,10,False
5734 / 2867 = ,2,"1. **Division**: First, we",False
5742 - 5734 = ,8,10,False
5754 - 5745 = ,9,10,False
5757 / 5757 = ,1,10,False
5774 / 2887 = ,2,"1. **Division**: First, we",False
5794 / 2897 = ,2,1. **Division Setup**: We start,False
5798 / 2899 = ,2,1. **Division Setup**: We start,False
5816 - 5811 = ,5,10,False
5842 - 5834 = ,8,10,False
5852 - 5845 = ,7,10,False
5853 - 5845 = ,8,10,False
5854 / 2927 = ,2,20,False
5854 - 5845 = ,9,10,False
5858 / 2929 = ,2,20,False
5858 - 5849 = ,9,11,False
5858 / 5858 = ,1,10,False
5882 - 5878 = ,4,10,False
5914 - 5911 = ,3,10,False
5916 - 5911 = ,5,10,False
5918 / 2959 = ,2,20,False
5918 - 5911 = ,7,10,False
5924 / 2962 = ,2,20,False
5938 / 2969 = ,2,20,False
5952 - 5945 = ,7,10,False
5954 / 2977 = ,2,20,False
5955 / 5955 = ,1,10,False
5956 / 2978 = ,2,20,False
5958 / 2979 = ,2,20,False
5959 / 5959 = ,1,10110,False
5995 / 5995 = ,1,10000,False
5996 / 2998 = ,2,20,False
5998 / 2999 = ,2,20,False
5998 - 5989 = ,9,10,False
6010 - 6001 = ,9,10,False
6014 - 6011 = ,3,10,False
6018 - 6011 = ,7,10,False
6028 - 6022 = ,6,10,False
6042 - 6034 = ,8,10,False
6050 / 3025 = ,2,19,False
6051 / 2017 = ,3,2.98,False
6054 - 6045 = ,9,10,False
6065 - 6056 = ,9,10,False
6071 - 6062 = ,9,59,False
6074 - 6065 = ,9,29,False
6076 - 6067 = ,9,10,False
6114 - 6111 = ,3,10,False
6118 - 6111 = ,7,10,False
6165 / 1233 = ,5,49,False
6170 / 1234 = ,5,48,False
6170 / 3085 = ,2,1.94,False
6170 - 6162 = ,8,38,False
6170 - 6163 = ,7,27,False
6170 - 6164 = ,6,36,False
6170 - 6165 = ,5,45,False
6170 - 6166 = ,4,34,False
6170 - 6167 = ,3,33,False
6172 / 3086 = ,2,1.95,False
6176 / 772 = ,8,80,False
6176 / 3088 = ,2,1.99,False
6177 - 6172 = ,5,55,False
6177 / 6177 = ,1,999,False
6178 - 6169 = ,9,19,False
6178 - 6171 = ,7,67,False
6179 - 6172 = ,7,77,False
6204 / 3102 = ,2,19,False
6206 / 3103 = ,2,19,False
6208 - 6200 = ,8,10,False
6210 / 3105 = ,2,19,False
6210 - 6201 = ,9,10,False
6212 / 3106 = ,2,19,False
6214 - 6211 = ,3,10,False
6215 - 6211 = ,4,10,False
6216 / 777 = ,8,84,False
6216 - 6211 = ,5,10,False
6218 - 6211 = ,7,10,False
6219 - 6211 = ,8,10,False
6221 - 6212 = ,9,10,False
6226 / 3113 = ,2,19,False
6230 / 3115 = ,2,19,False
6242 / 3121 = ,2,19,False
6242 - 6234 = ,8,10,False
6266 / 3133 = ,2,19,False
6298 - 6289 = ,9,10,False
6314 - 6311 = ,3,10,False
6316 - 6311 = ,5,10,False
6318 - 6311 = ,7,10,False
6319 - 6311 = ,8,10,False
6332 - 6323 = ,9,10,False
6343 - 6334 = ,9,10,False
6353 - 6345 = ,8,10,False
6354 - 6345 = ,9,10,False
6363 - 6356 = ,7,10,False
6364 - 6356 = ,8,10,False
6365 - 6356 = ,9,10,False
6404 / 3202 = ,2,19,False
6406 / 3203 = ,2,19,False
6410 / 3205 = ,2,19,False
6414 / 3207 = ,2,18,False
6414 - 6411 = ,3,10,False
6416 / 3208 = ,2,19,False
6418 - 6411 = ,7,10,False
6419 - 6411 = ,8,10,False
6420 / 3210 = ,2,19,False
6421 - 6412 = ,9,10,False
6428 - 6422 = ,6,10,False
6430 / 3215 = ,2,19,False
6442 / 3221 = ,2,19,False
6446 / 3223 = ,2,19,False
6450 / 3225 = ,2,1. **Division Setup**: Begin by,False
6453 - 6445 = ,8,10,False
6454 / 3227 = ,2,19,False
6456 / 3228 = ,2,19,False
6464 / 3232 = ,2,18,False
6464 - 6456 = ,8,10,False
6465 - 6456 = ,9,10,False
6470 / 3235 = ,2,19,False
6472 / 3236 = ,2,1. **Division Setup**: Begin by,False
6474 / 3237 = ,2,19,False
6476 / 3238 = ,2,19,False
6482 / 3241 = ,2,1.999,False
6484 / 3242 = ,2,1.5,False
6490 / 3245 = ,2,1.78,False
6492 / 3246 = ,2,1.75,False
6494 / 3247 = ,2,1.5,False
6496 / 3248 = ,2,1.5,False
6498 / 3249 = ,2,1.75,False
6498 - 6489 = ,9,10,False
6500 / 3250 = ,2,1.9,False
6502 / 3251 = ,2,1.98,False
6504 / 3252 = ,2,1. **Division Setup**: Begin by,False
6506 / 3253 = ,2,19,False
6508 / 3254 = ,2,1. **Division Setup**: Begin by,False
6510 / 3255 = ,2,19,False
6512 / 3256 = ,2,1. **Division Setup**: Begin by,False
6514 / 3257 = ,2,19,False
6516 / 3258 = ,2,19,False
6518 / 3259 = ,2,1.74,False
6520 / 3260 = ,2,1.79,False
6522 / 3261 = ,2,1. **Division Setup**: Begin by,False
6524 / 3262 = ,2,19,False
6526 / 3263 = ,2,19,False
6530 / 3265 = ,2,1. **Division Setup**: We start,False
6534 / 3267 = ,2,18,False
6538 / 3269 = ,2,1. **Division Setup**: We start,False
6546 / 3273 = ,2,19,False
6553 - 6545 = ,8,10,False
6564 / 3282 = ,2,19,False
6565 - 6556 = ,9,10,False
6566 / 3283 = ,2,19,False
6570 / 3285 = ,2,19,False
6572 / 3286 = ,2,"1. **Division**: First, we",False
6574 / 3287 = ,2,19,False
6574 - 6565 = ,9,29,False
6610 - 6601 = ,9,10,False
6618 - 6611 = ,7,10,False
6628 - 6622 = ,6,10,False
6653 - 6645 = ,8,10,False
6654 - 6645 = ,9,10,False
6660 - 6651 = ,9,49,False
6660 - 6652 = ,8,48,False
6660 - 6653 = ,7,47,False
6660 - 6654 = ,6,16,False
6660 - 6657 = ,3,43,False
6660 - 6658 = ,2,12,False
6660 - 6659 = ,1,11,False
6661 - 6652 = ,9,19,False
6661 - 6653 = ,8,18,False
6661 - 6654 = ,7,17,False
6661 - 6655 = ,6,16,False
6661 - 6657 = ,4,64,False
6661 - 6658 = ,3,73,False
6661 - 6659 = ,2,22,False
6662 - 6653 = ,9,-91,False
6662 - 6654 = ,8,18,False
6662 - 6655 = ,7,17,False
6662 - 6656 = ,6,14,False
6662 - 6658 = ,4,74,False
6662 - 6659 = ,3,73,False
6663 - 6654 = ,9,12,False
6663 - 6655 = ,8,10,False
6663 - 6656 = ,7,109,False
6663 - 6657 = ,6,10,False
6663 - 6658 = ,5,14,False
6663 - 6659 = ,4,14,False
6664 - 6655 = ,9,-11,False
6664 - 6656 = ,8,-92,False
6664 - 6657 = ,7,-13,False
6664 - 6658 = ,6,-14,False
6665 - 6656 = ,9,10,False
6665 - 6657 = ,8,18,False
6665 - 6658 = ,7,17,False
6666 - 6657 = ,9,13,False
6666 - 6659 = ,7,17,False
6666 - 6661 = ,5,-5,False
6667 - 6658 = ,9,19,False
6667 - 6659 = ,8,18,False
6668 - 6659 = ,9,19,False
6676 - 6667 = ,9,10,False
6704 / 3352 = ,2,19,False
6706 / 3353 = ,2,19,False
6708 - 6700 = ,8,10,False
6710 / 3355 = ,2,19,False
6710 - 6701 = ,9,10,False
6714 / 3357 = ,2,19,False
6716 / 3358 = ,2,19,False
6718 - 6711 = ,7,10,False
6722 / 3361 = ,2,19,False
6724 / 3362 = ,2,19,False
6726 / 3363 = ,2,19,False
6730 / 3365 = ,2,19,False
6732 / 3366 = ,2,19,False
6734 / 3367 = ,2,19,False
6740 / 3370 = ,2,19,False
6742 / 3371 = ,2,19,False
6746 / 3373 = ,2,19,False
6748 / 3374 = ,2,19,False
6753 - 6745 = ,8,10,False
6754 - 6745 = ,9,10,False
6765 - 6756 = ,9,10,False
6770 / 3385 = ,2,19,False
6772 / 3386 = ,2,19,False
6774 / 3387 = ,2,19,False
6775 - 6767 = ,8,10,False
6776 / 3388 = ,2,19,False
6776 - 6767 = ,9,10,False
6804 / 3402 = ,2,19,False
6806 / 3403 = ,2,19,False
6810 / 3405 = ,2,19,False
6812 / 3406 = ,2,19,False
6814 / 3407 = ,2,19,False
6816 / 3408 = ,2,18,False
6818 / 3409 = ,2,19,False
6820 / 3410 = ,2,19,False
6822 / 3411 = ,2,19,False
6826 / 3413 = ,2,19,False
6830 / 3415 = ,2,19,False
6832 / 3416 = ,2,1. **Division Setup**: Begin by,False
6836 / 3418 = ,2,19,False
6838 / 3419 = ,2,19,False
6850 / 3425 = ,2,1. **Division Setup**: Begin by,False
6852 - 6845 = ,7,10,False
6853 - 6845 = ,8,10,False
6854 - 6845 = ,9,10,False
6862 / 3431 = ,2,19,False
6862 - 6854 = ,8,10,False
6862 - 6856 = ,6,10,False
6863 - 6854 = ,9,11,False
6863 - 6855 = ,8,10,False
6864 / 3432 = ,2,19,False
6865 - 6856 = ,9,10,False
6867 - 6858 = ,9,19,False
6868 / 3434 = ,2,19,False
6868 - 6859 = ,9,17,False
6872 / 3436 = ,2,"1. **Division**: First, we",False
6886 / 3443 = ,2,19,False
6902 / 3451 = ,2,1. **Division Setup**: Begin by,False
6904 / 3452 = ,2,"1. **Division**: First, we",False
6908 / 3454 = ,2,1. **Division Setup**: Begin by,False
6910 / 3455 = ,2,18,False
6910 - 6901 = ,9,10,False
6912 / 3456 = ,2,1. **Division Setup**: Begin by,False
6914 / 3457 = ,2,18,False
6914 - 6911 = ,3,10,False
6916 / 3458 = ,2,19,False
6918 - 6911 = ,7,10,False
6924 / 3462 = ,2,18,False
6926 / 3463 = ,2,18,False
6928 / 3464 = ,2,"1. **Division**: First, we",False
6930 / 3465 = ,2,"1. **Division**: First, we",False
6932 / 3466 = ,2,18,False
6934 / 3467 = ,2,18,False
6936 / 3468 = ,2,"1. **Division**: First, we",False
6938 / 3469 = ,2,1. **Division Setup**: Begin by,False
6946 / 3473 = ,2,18,False
6950 / 3475 = ,2,"1. **Division**: First, we",False
6952 / 3476 = ,2,"1. **Division**: First, we",False
6953 - 6945 = ,8,10,False
6954 / 3477 = ,2,18,False
6954 - 6945 = ,9,10,False
6956 / 3478 = ,2,1. **Division Setup**: We start,False
6958 / 3479 = ,2,1. **Division Setup**: We start,False
6962 / 3481 = ,2,1. **Division Setup**: Begin by,False
6964 / 3482 = ,2,1. **Division Setup**: Begin by,False
6964 - 6956 = ,8,10,False
6965 - 6956 = ,9,10,False
6970 / 3485 = ,2,1. **Division Setup**: We start,False
6972 / 3486 = ,2,"1. **Division**: First, we",False
6974 / 3487 = ,2,"1. **Division**: First, we",False
6976 / 3488 = ,2,"1. **Division**: First, we",False
6976 - 6967 = ,9,10,False
6978 / 3489 = ,2,"1. **Division**: First, we",False
6979 / 997 = ,7,71,False
6982 / 3491 = ,2,"1. **Division**: First, we",False
6988 / 3494 = ,2,"1. **Division**: First, we",False
6992 / 3496 = ,2,"1. **Division**: First, we",False
6993 / 777 = ,9,93,False
6996 / 3498 = ,2,1. **Division Setup**: Begin by,False
6998 / 3499 = ,2,1. **Division Setup**: Begin by,False
6998 - 6989 = ,9,10,False
7000 / 7000 = ,1,10,False
7006 / 3503 = ,2,19,False
7010 - 7001 = ,9,10,False
7010 / 7010 = ,1,10,False
7012 / 3506 = ,2,19,False
7014 - 7011 = ,3,10,False
7016 - 7011 = ,5,10,False
7020 - 7012 = ,8,10,False
7020 / 7020 = ,1,10,False
7028 - 7022 = ,6,10,False
7042 - 7034 = ,8,10,False
7070 / 7070 = ,1,10,False
7076 - 7067 = ,9,10,False
7077 / 2359 = ,3,28,False
7086 / 2362 = ,3,29,False
7116 / 2372 = ,3,30,False
7116 / 3558 = ,2,20,False
7116 - 7111 = ,5,10,False
7117 / 7117 = ,1,10254,False
7118 - 7111 = ,7,10,False
7124 / 3562 = ,2,20,False
7132 - 7123 = ,9,10,False
7133 / 7133 = ,1,1029,False
7159 / 7159 = ,1,103,False
7171 / 7171 = ,1,10,False
7172 / 3586 = ,2,20,False
7173 / 7173 = ,1,1000,False
7175 / 7175 = ,1,103,False
7177 / 7177 = ,1,10,False
7179 / 7179 = ,1,10,False
7185 / 7185 = ,1,1034,False
7189 / 7189 = ,1,10,False
7191 / 799 = ,9,93,False
7191 / 7191 = ,1,10382,False
7193 / 7193 = ,1,10000,False
7195 / 7195 = ,1,1038.642,False
7197 / 7197 = ,1,10384,False
7204 - 7195 = ,9,59,False
7205 - 7196 = ,9,89,False
7205 - 7198 = ,7,67,False
7208 - 7199 = ,9,19,False
7214 / 3607 = ,2,20,False
7214 - 7211 = ,3,10,False
7215 - 7211 = ,4,10,False
7216 / 3608 = ,2,19,False
7216 - 7211 = ,5,10,False
7218 - 7211 = ,7,10,False
7219 - 7211 = ,8,10,False
7232 - 7223 = ,9,10,False
7242 - 7234 = ,8,10,False
7253 - 7245 = ,8,10,False
7254 - 7245 = ,9,10,False
7256 / 3628 = ,2,20,False
7270 - 7267 = ,3,10,False
7270 / 7270 = ,1,10,False
7272 - 7267 = ,5,10,False
7272 / 7272 = ,1,10,False
7274 / 3637 = ,2,20,False
7275 - 7267 = ,8,10,False
7276 - 7267 = ,9,10,False
7279 / 7279 = ,1,10,False
7286 - 7278 = ,8,10,False
7310 / 3655 = ,2,20,False
7314 / 3657 = ,2,20,False
7316 / 3658 = ,2,20,False
7318 / 3659 = ,2,20,False
7318 - 7311 = ,7,10,False
7322 / 3661 = ,2,20,False
7324 / 3662 = ,2,20,False
7326 / 3663 = ,2,20,False
7330 / 3665 = ,2,20,False
7332 - 7323 = ,9,10,False
7334 / 3667 = ,2,20,False
7338 / 3669 = ,2,20,False
7342 / 3671 = ,2,20,False
7342 - 7334 = ,8,10,False
7343 - 7334 = ,9,10,False
7344 / 3672 = ,2,20,False
7346 / 3673 = ,2,20,False
7348 / 3674 = ,2,20,False
7352 - 7345 = ,7,10,False
7354 / 3677 = ,2,20,False
7354 - 7345 = ,9,10,False
7356 / 3678 = ,2,20,False
7358 / 3679 = ,2,20,False
7362 / 3681 = ,2,20,False
7364 / 3682 = ,2,20,False
7366 / 3683 = ,2,20,False
7372 / 3686 = ,2,20,False
7373 - 7367 = ,6,10,False
7374 / 3687 = ,2,20,False
7374 - 7367 = ,7,10,False
7374 / 7374 = ,1,101.9999,False
7375 - 7367 = ,8,10,False
7376 / 3688 = ,2,20,False
7376 - 7367 = ,9,10,False
7378 / 3689 = ,2,20,False
7382 / 3691 = ,2,20,False
7384 / 3692 = ,2,20,False
7386 - 7378 = ,8,10,False
7392 / 1056 = ,7,11,False
7394 / 3697 = ,2,20,False
7398 - 7389 = ,9,10,False
7414 / 3707 = ,2,20,False
7416 - 7411 = ,5,10,False
7421 - 7412 = ,9,10,False
7428 - 7422 = ,6,10,False
7434 / 3717 = ,2,20,False
7442 / 3721 = ,2,20,False
7446 / 3723 = ,2,20,False
7448 / 3724 = ,2,20,False
7453 - 7445 = ,8,10,False
7454 / 3727 = ,2,20,False
7454 - 7445 = ,9,10,False
7462 / 1066 = ,7,11,False
7462 / 3731 = ,2,20,False
7464 / 3732 = ,2,20,False
7466 / 3733 = ,2,20,False
7474 / 3737 = ,2,20,False
7474 - 7467 = ,7,10,False
7475 / 7475 = ,1,10,False
7476 - 7467 = ,9,10,False
7482 / 3741 = ,2,20,False
7484 / 3742 = ,2,20,False
7486 / 3743 = ,2,20,False
7486 - 7478 = ,8,10,False
7488 / 3744 = ,2,20,False
7494 / 3747 = ,2,20,False
7516 / 3758 = ,2,20,False
7516 - 7511 = ,5,10,False
7522 / 3761 = ,2,20,False
7524 / 3762 = ,2,19,False
7532 / 3766 = ,2,19,False
7552 - 7545 = ,7,10,False
7553 - 7545 = ,8,10,False
7554 / 3777 = ,2,20,False
7554 - 7545 = ,9,10,False
7564 / 3782 = ,2,19,False
7574 / 3787 = ,2,20,False
7575 - 7567 = ,8,10,False
7576 / 3788 = ,2,20,False
7576 - 7567 = ,9,10,False
7586 - 7578 = ,8,10,False
7628 - 7622 = ,6,10,False
7632 - 7623 = ,9,10,False
7653 - 7645 = ,8,10,False
7654 - 7645 = ,9,10,False
7665 - 7656 = ,9,10,False
7672 / 3836 = ,2,20,False
7674 / 3837 = ,2,20,False
7675 - 7667 = ,8,10,False
7676 / 3838 = ,2,20,False
7676 - 7667 = ,9,10,False
7714 / 3857 = ,2,20,False
7714 - 7711 = ,3,10,False
7716 - 7711 = ,5,10,False
7722 / 3861 = ,2,20,False
7724 / 3862 = ,2,20,False
7726 / 3863 = ,2,20,False
7732 / 3866 = ,2,20,False
7734 / 3867 = ,2,20,False
7742 / 3871 = ,2,20,False
7744 / 3872 = ,2,20,False
7746 / 3873 = ,2,20,False
7748 / 3874 = ,2,20,False
7754 - 7745 = ,9,10,False
7756 / 3878 = ,2,20,False
7764 - 7756 = ,8,10,False
7766 / 3883 = ,2,20,False
7770 - 7762 = ,8,58,False
7770 - 7763 = ,7,17,False
7770 - 7764 = ,6,36,False
7770 - 7765 = ,5,15,False
7770 - 7766 = ,4,14,False
7770 - 7767 = ,3,13,False
7774 - 7765 = ,9,29,False
7784 / 3892 = ,2,20,False
7820 / 3910 = ,2,20,False
7822 / 3911 = ,2,20,False
7838 / 3919 = ,2,20,False
7842 - 7834 = ,8,10,False
7853 - 7845 = ,8,10,False
7854 - 7845 = ,9,10,False
7858 / 3929 = ,2,20,False
7876 - 7867 = ,9,10,False
7882 / 3941 = ,2,20,False
7914 / 3957 = ,2,20,False
7934 / 3967 = ,2,20,False
7964 / 3982 = ,2,20,False
7966 / 3983 = ,2,20,False
7974 / 3987 = ,2,20,False
7976 / 997 = ,8,80,False
7976 - 7967 = ,9,10,False
7978 / 3989 = ,2,20,False
7979 / 7979 = ,1,10,False
7984 / 998 = ,8,80,False
7988 / 3994 = ,2,20,False
7990 / 7990 = ,1,10,False
7992 / 3996 = ,2,20,False
7995 / 7995 = ,1,10000,False
7996 / 3998 = ,2,20,False
7998 / 3999 = ,2,20,False
7998 - 7989 = ,9,10,False
8004 / 4002 = ,2,2001,False
8010 - 8001 = ,9,10,False
8016 - 8011 = ,5,10,False
8018 / 4009 = ,2,20,False
8018 - 8011 = ,7,10,False
8020 / 4010 = ,2,20,False
8042 - 8034 = ,8,10,False
8050 / 4025 = ,2,1.99,False
8053 - 8045 = ,8,10,False
8054 / 4027 = ,2,1.96,False
8065 - 8056 = ,9,10,False
8070 / 4035 = ,2,19,False
8086 - 8078 = ,8,10,False
8116 - 8111 = ,5,10,False
8142 - 8134 = ,8,10,False
8143 - 8134 = ,9,10,False
8170 / 4085 = ,2,1.96,False
8180 / 8180 = ,1,10,False
8186 - 8178 = ,8,10,False
8187 - 8178 = ,9,10,False
8188 / 4094 = ,2,20,False
8214 - 8211 = ,3,10,False
8216 / 4108 = ,2,20,False
8216 - 8211 = ,5,10,False
8218 - 8211 = ,7,10,False
8219 - 8211 = ,8,10,False
8222 / 4111 = ,2,20,False
8228 / 4114 = ,2,20,False
8232 - 8223 = ,9,10,False
8242 - 8234 = ,8,10,False
8253 - 8245 = ,8,10,False
8258 / 4129 = ,2,20,False
8265 - 8256 = ,9,10,False
8276 - 8267 = ,9,10,False
8282 / 4141 = ,2,20,False
8286 - 8278 = ,8,10,False
8287 - 8278 = ,9,10,False
8294 - 8289 = ,5,10,False
8297 - 8289 = ,8,10,False
8298 - 8289 = ,9,10,False
8314 / 4157 = ,2,20,False
8316 / 4158 = ,2,20,False
8316 - 8311 = ,5,10,False
8326 - 8322 = ,4,10,False
8332 - 8323 = ,9,10,False
8352 - 8345 = ,7,10,False
8353 - 8345 = ,8,10,False
8354 - 8345 = ,9,10,False
8360 / 1045 = ,8,17,False
8376 - 8367 = ,9,10,False
8385 - 8376 = ,9,14,False
8386 - 8378 = ,8,10,False
8416 - 8411 = ,5,10,False
8421 / 2807 = ,3,29,False
8421 - 8412 = ,9,19,False
8421 / 8421 = ,1,10000,False
8426 - 8422 = ,4,10,False
8440 / 1055 = ,8,16,False
8453 - 8445 = ,8,10,False
8454 - 8445 = ,9,10,False
8465 - 8456 = ,9,10,False
8476 - 8467 = ,9,10,False
8484 - 8478 = ,6,10,False
8486 - 8478 = ,8,10,False
8487 - 8478 = ,9,10,False
8502 / 4251 = ,2,1.96,False
8504 / 4252 = ,2,1. **Division Setup**: We start,False
8506 / 4253 = ,2,1.97,False
8508 / 4254 = ,2,1. **Division Setup**: We start,False
8510 / 4255 = ,2,19,False
8512 / 4256 = ,2,1. **Division Setup**: Begin by,False
8516 / 4258 = ,2,1. **Division Setup**: Begin by,False
8518 / 4259 = ,2,1. **Division Setup**: We start,False
8520 / 1065 = ,8,13,False
8526 / 4263 = ,2,1. **Division Setup**: We start,False
8526 - 8522 = ,4,10,False
8528 / 1066 = ,8,13,False
8528 / 4264 = ,2,19,False
8530 / 4265 = ,2,1. **Division Setup**: We start,False
8534 / 4267 = ,2,1. **Division Setup**: We start,False
8536 / 4268 = ,2,1. **Division Setup**: Begin by,False
8538 / 4269 = ,2,19,False
8548 / 4274 = ,2,19,False
8550 / 4275 = ,2,1. **Division Setup**: Begin by,False
8552 / 4276 = ,2,1. **Division Setup**: Begin by,False
8553 - 8545 = ,8,10,False
8554 / 4277 = ,2,1. **Division Setup**: We start,False
8554 - 8545 = ,9,10,False
8556 / 4278 = ,2,"1. **Division**: First, we",False
8558 / 4279 = ,2,1. **Division Setup**: We start,False
8558 - 8555 = ,3,10,False
8568 / 4284 = ,2,19,False
8570 / 4285 = ,2,19,False
8572 / 4286 = ,2,19,False
8578 / 4289 = ,2,19,False
8586 - 8578 = ,8,10,False
8587 - 8578 = ,9,10,False
8588 / 4294 = ,2,19,False
8596 / 4298 = ,2,1. **Division Setup**: We start,False
8598 / 4299 = ,2,1. **Division Setup**: We start,False
8653 - 8645 = ,8,10,False
8654 - 8645 = ,9,10,False
8665 - 8656 = ,9,10,False
8675 - 8667 = ,8,10,False
8686 - 8677 = ,9,13,False
8686 - 8678 = ,8,10,False
8716 - 8711 = ,5,10,False
8721 - 8712 = ,9,10,False
8742 - 8734 = ,8,10,False
8754 - 8745 = ,9,10,False
8770 - 8767 = ,3,10,False
8786 - 8778 = ,8,10,False
8787 - 8778 = ,9,10,False
8842 - 8834 = ,8,10,False
8843 - 8834 = ,9,10,False
8853 - 8845 = ,8,10,False
8865 - 8856 = ,9,10,False
8876 - 8867 = ,9,10,False
8887 - 8878 = ,9,10,False
8932 - 8923 = ,9,10,False
8953 - 8945 = ,8,10,False
8954 - 8945 = ,9,10,False
8964 - 8956 = ,8,10,False
8986 - 8978 = ,8,10,False
8987 - 8978 = ,9,10,False
8995 / 8995 = ,1,10000,False
8997 - 8989 = ,8,10,False
8998 / 4499 = ,2,19,False
8998 - 8989 = ,9,10,False
9000 / 9000 = ,1,10,False
9010 - 9001 = ,9,10,False
9014 / 4507 = ,2,20,False
9030 / 3010 = ,3,30,False
9030 / 9030 = ,1,10,False
9042 - 9034 = ,8,10,False
9052 - 9045 = ,7,10,False
9060 / 9060 = ,1,10,False
9065 - 9056 = ,9,10,False
9076 - 9067 = ,9,10,False
9080 / 9080 = ,1,10,False
9090 / 4545 = ,2,20,False
9090 / 9090 = ,1,10,False
9112 / 4556 = ,2,20,False
9121 / 9121 = ,1,10,False
9124 / 4562 = ,2,20,False
9129 / 9129 = ,1,10,False
9130 / 9130 = ,1,10,False
9132 / 4566 = ,2,20,False
9132 - 9123 = ,9,10,False
9132 / 9132 = ,1,10,False
9133 / 9133 = ,1,1026,False
9134 / 4567 = ,2,20,False
9135 / 9135 = ,1,1026,False
9136 / 4568 = ,2,20,False
9137 / 9137 = ,1,10,False
9140 / 9140 = ,1,10,False
9141 / 9141 = ,1,10,False
9142 - 9134 = ,8,10,False
9144 / 9144 = ,1,10,False
9145 / 9145 = ,1,10,False
9147 / 9147 = ,1,10,False
9148 / 9148 = ,1,10,False
9149 / 9149 = ,1,10,False
9153 - 9145 = ,8,10,False
9159 / 9159 = ,1,10,False
9165 / 9165 = ,1,10,False
9175 / 9175 = ,1,10,False
9177 / 9177 = ,1,10,False
9179 / 9179 = ,1,10,False
9189 / 9189 = ,1,10,False
9191 / 9191 = ,1,10,False
9192 / 4596 = ,2,20,False
9192 / 9192 = ,1,10,False
9193 / 9193 = ,1,10000,False
9194 / 4597 = ,2,20,False
9195 / 9195 = ,1,10,False
9198 - 9189 = ,9,10,False
9211 / 9211 = ,1,10000,False
9218 - 9211 = ,7,10,False
9220 / 9220 = ,1,10,False
9221 / 9221 = ,1,10000,False
9222 / 4611 = ,2,20,False
9224 / 9224 = ,1,10,False
9225 / 9225 = ,1,10,False
9228 / 9228 = ,1,10,False
9229 / 9229 = ,1,10,False
9233 / 9233 = ,1,101,False
9252 - 9245 = ,7,10,False
9253 - 9245 = ,8,10,False
9254 - 9245 = ,9,10,False
9259 / 9259 = ,1,10510,False
9261 / 9261 = ,1,10001,False
9265 - 9256 = ,9,10,False
9279 / 9279 = ,1,10158,False
9286 - 9278 = ,8,10,False
9287 - 9278 = ,9,10,False
9289 / 9289 = ,1,10576,False
9290 / 9290 = ,1,10,False
9291 / 9291 = ,1,10000,False
9292 / 2323 = ,4,40,False
9293 / 9293 = ,1,10000,False
9295 / 9295 = ,1,10,False
9297 / 9297 = ,1,10,False
9298 - 9289 = ,9,10,False
9299 / 9299 = ,1,10,False
9311 / 9311 = ,1,10000,False
9313 / 9313 = ,1,10026,False
9315 / 9315 = ,1,10,False
9316 / 2329 = ,4,40,False
9316 - 9311 = ,5,10,False
9318 - 9311 = ,7,10,False
9321 - 9312 = ,9,10,False
9321 / 9321 = ,1,10000,False
9324 / 4662 = ,2,20,False
9324 / 9324 = ,1,10685,False
9330 / 9330 = ,1,10,False
9331 / 9331 = ,1,10,False
9332 - 9323 = ,9,10,False
9332 / 9332 = ,1,10674,False
9333 / 9333 = ,1,10,False
9335 / 9335 = ,1,10,False
9339 / 9339 = ,1,10,False
9342 - 9334 = ,8,10,False
9343 - 9334 = ,9,10,False
9352 - 9345 = ,7,10,False
9353 - 9345 = ,8,10,False
9354 - 9345 = ,9,10,False
9370 - 9367 = ,3,10,False
9375 / 9375 = ,1,10,False
9376 - 9367 = ,9,10,False
9377 / 9377 = ,1,10,False
9379 / 9379 = ,1,10,False
9386 - 9378 = ,8,10,False
9389 / 9389 = ,1,10,False
9395 / 9395 = ,1,10,False
9396 - 9389 = ,7,10,False
9398 - 9389 = ,9,10,False
9411 / 9411 = ,1,10000,False
9420 / 9420 = ,1,10,False
9421 - 9412 = ,9,10,False
9421 / 9421 = ,1,10000,False
9424 / 9424 = ,1,10,False
9432 - 9423 = ,9,10,False
9436 - 9433 = ,3,10,False
9438 - 9433 = ,5,10,False
9440 / 9440 = ,1,10,False
9441 / 9441 = ,1,10,False
9445 / 9445 = ,1,10,False
9449 / 9449 = ,1,10,False
9452 - 9445 = ,7,10,False
9453 - 9445 = ,8,10,False
9459 / 9459 = ,1,10,False
9461 / 9461 = ,1,10000,False
9465 / 9465 = ,1,10,False
9469 / 9469 = ,1,10,False
9475 / 9475 = ,1,10,False
9476 - 9467 = ,9,10,False
9477 / 9477 = ,1,10,False
9479 / 9479 = ,1,10,False
9485 / 9485 = ,1,10,False
9486 - 9478 = ,8,10,False
9487 - 9478 = ,9,10,False
9488 / 9488 = ,1,10,False
9489 / 9489 = ,1,10,False
9490 / 9490 = ,1,10,False
9495 / 9495 = ,1,10,False
9497 - 9489 = ,8,10,False
9498 - 9489 = ,9,10,False
9502 / 4751 = ,2,1.98,False
9504 / 4752 = ,2,1.96,False
9511 / 9511 = ,1,10,False
9512 / 4756 = ,2,"1. **Division**: First, we",False
9532 - 9523 = ,9,10,False
9536 / 4768 = ,2,"1. **Division**: First, we",False
9536 - 9527 = ,9,10,False
9536 - 9528 = ,8,10,False
9552 - 9545 = ,7,10,False
9553 - 9545 = ,8,10,False
9554 - 9545 = ,9,10,False
9559 / 9559 = ,1,10,False
9565 - 9556 = ,9,10,False
9586 - 9578 = ,8,10,False
9589 / 9589 = ,1,10,False
9614 / 4807 = ,2,19,False
9616 - 9611 = ,5,10,False
9616 - 9612 = ,4,10,False
9618 - 9611 = ,7,10,False
9621 - 9612 = ,9,10,False
9640 / 4820 = ,2,20,False
9642 / 4821 = ,2,20,False
9648 / 4824 = ,2,20,False
9652 - 9645 = ,7,10,False
9653 - 9645 = ,8,10,False
9654 - 9645 = ,9,10,False
9676 - 9667 = ,9,10,False
9680 / 4840 = ,2,20,False
9684 / 4842 = ,2,20,False
9686 / 4843 = ,2,20,False
9696 / 4848 = ,2,20,False
9696 - 9687 = ,9,10,False
9708 - 9700 = ,8,10,False
9716 - 9711 = ,5,10,False
9718 / 4859 = ,2,1. **Division Setup**: Begin by,False
9718 - 9711 = ,7,10,False
9730 / 4865 = ,2,19,False
9732 / 3244 = ,3,2.99,False
9732 - 9723 = ,9,10,False
9734 / 4867 = ,2,19,False
9735 / 3245 = ,3,2.98,False
9742 - 9734 = ,8,10,False
9753 - 9745 = ,8,10,False
9754 - 9745 = ,9,10,False
9779 / 9779 = ,1,10,False
9780 / 4890 = ,2,1. **Division Setup**: Begin by,False
9780 - 9774 = ,6,-65,False
9780 - 9778 = ,2,10,False
9781 - 9774 = ,7,-63,False
9786 - 9778 = ,8,10,False
9792 / 1088 = ,9,10,False
9853 - 9845 = ,8,10,False
9854 - 9845 = ,9,10,False
9859 / 9859 = ,1,10,False
9876 - 9867 = ,9,10,False
9880 / 9880 = ,1,10,False
9896 - 9889 = ,7,10,False
9897 - 9889 = ,8,10,False
9898 - 9889 = ,9,10,False
9899 / 9899 = ,1,10,False
9900 / 9900 = ,1,10,False
9908 - 9900 = ,8,10,False
9909 / 9909 = ,1,10,False
9910 - 9901 = ,9,10,False
9911 / 9911 = ,1,10000,False
9913 / 9913 = ,1,10026,False
9915 / 9915 = ,1,10020,False
9916 - 9911 = ,5,10,False
9918 - 9911 = ,7,10,False
9919 / 9919 = ,1,10038,False
9920 / 9920 = ,1,100,False
9921 - 9912 = ,9,10,False
9921 / 9921 = ,1,10010,False
9924 / 9924 = ,1,10000,False
9925 / 9925 = ,1,10,False
9929 / 9929 = ,1,10,False
9930 / 9930 = ,1,100,False
9932 / 9932 = ,1,10064,False
9933 / 9933 = ,1,100,False
9935 / 9935 = ,1,10030,False
9936 / 9936 = ,1,10,False
9939 / 9939 = ,1,10078,False
9940 / 9940 = ,1,10,False
9942 - 9934 = ,8,10,False
9943 - 9934 = ,9,10,False
9944 / 9944 = ,1,10,False
9945 / 9945 = ,1,10,False
9948 / 9948 = ,1,10000,False
9949 / 9949 = ,1,10000,False
9950 / 9950 = ,1,10,False
9953 - 9945 = ,8,10,False
9954 - 9945 = ,9,10,False
9955 / 9955 = ,1,10,False
9959 / 9959 = ,1,10,False
9969 / 9969 = ,1,10038,False
9970 / 9970 = ,1,10,False
9972 / 9972 = ,1,10000,False
9974 / 4987 = ,2,1. **Division Setup:**,False
9974 / 9974 = ,1,10003,False
9975 / 9975 = ,1,10000,False
9977 / 9977 = ,1,10006,False
9979 / 9979 = ,1,10,False
9980 / 1996 = ,5,49,False
9982 - 9978 = ,4,10,False
9986 - 9978 = ,8,10,False
9987 - 9978 = ,9,10,False
9990 / 1998 = ,5,50,False
9990 / 9990 = ,1,10,False
9993 / 9993 = ,1,10002,False
9995 / 1999 = ,5,4.925,False
9995 / 9995 = ,1,10,False
9996 - 9989 = ,7,10,False
9997 - 9989 = ,8,10,False
9998 - 9989 = ,9,10,False
